{
  "model_name": "type3_unified_model",
  "optimal_threshold": 0.38154937952422285,
  "n_features": 12,
  "feature_names": [
    "jaccard_subtrees",
    "cosine_paths",
    "abs_token_count_diff",
    "avg_token_count",
    "subtree_count_A",
    "subtree_count_B",
    "path_count_A",
    "path_count_B",
    "token_count_A",
    "token_count_B",
    "call_approx_A",
    "call_approx_B"
  ],
  "metrics": {
    "cv_f1_mean": 0.6572260150284855,
    "cv_f1_std": 0.004384439307078147,
    "test_f1": 0.6689707750952986,
    "test_auc": 0.74697607,
    "optimal_threshold": 0.38154937952422285,
    "train_samples": 80000,
    "test_samples": 20000
  },
  "language_thresholds": {
    "java": 0.38154937952422285,
    "cpp": 0.36154937952422284,
    "c": 0.36154937952422284,
    "python": 0.40154937952422287
  }
}